22,0.,YELLOW,SMALL,STRETCH,ADULT,T
-10,-3.1,YELLOW,SMALL,STRETCH,CHILD,T
18,2.4,BLUE,SMALL,DIP,ADULT,T
22,1.44,YELLOW,MEDIUM,DIP,CHILD,F
22,0.7,YELLOW,SMALL,DIP,CHILD,F
13,0.6,BLUE,LARGE,STRETCH,ADULT,T
24,-0.88,YELLOW,LARGE,STRETCH,CHILD,T
-15,0.5,BLACK,LARGE,DIP,ADULT,T
-2,0.,YELLOW,MEDIUM,DIP,CHILD,F
10,-0.34,YELLOW,LARGE,DIP,CHILD,F
22,0.,PURPLE,SMALL,STRETCH,ADULT,T
12,1.5,PURPLE,SMALL,STRETCH,CHILD,T
-19,-1.4,PURPLE,SMALL,DIP,ADULT,T
20,0.55,BLUE,SMALL,DIP,CHILD,F
-12,0.5,PURPLE,SMALL,DIP,CHILD,F
0,-0.33,PURPLE,LARGE,STRETCH,ADULT,T
0,0.3,PURPLE,LARGE,STRETCH,CHILD,T
2,0.,BLACK,MEDIUM,DIP,ADULT,T
-4,1.,PURPLE,LARGE,DIP,CHILD,F
-5,-2.2,PURPLE,LARGE,DIP,CHILD,F